Gaz Gunu,GRF
01-01-19,"1.586,87"
02-01-19,"1.586,04"
03-01-19,"1.598,85"
04-01-19,"1.614,49"
05-01-19,"1.580,19"
06-01-19,"1.582,54"
07-01-19,"1.577,98"
08-01-19,"1.573,82"
09-01-19,"1.569,04"
10-01-19,"1.600,37"
11-01-19,"1.591,16"
12-01-19,"1.567,44"
13-01-19,"1.587,38"
14-01-19,"1.611,79"
15-01-19,"1.573,97"
16-01-19,"1.575,04"
17-01-19,"1.557,78"
18-01-19,"1.567,71"
19-01-19,"1.561,13"
20-01-19,"1.532,87"
21-01-19,"1.518,44"
22-01-19,"1.539,32"
23-01-19,"1.518,13"
24-01-19,"1.511,49"
25-01-19,"1.490,04"
26-01-19,"1.498,82"
27-01-19,"1.482,33"
28-01-19,"1.482,21"
29-01-19,"1.470,30"
30-01-19,"1.474,86"
31-01-19,"1.472,69"
01-02-19,"1.471,74"
02-02-19,"1.459,82"
03-02-19,"1.463,48"
04-02-19,"1.442,33"
05-02-19,"1.462,39"
06-02-19,"1.449,84"
07-02-19,"1.450,83"
08-02-19,"1.461,91"
09-02-19,"1.462,73"
10-02-19,"1.461,57"
11-02-19,"1.448,68"
12-02-19,"1.445,54"
13-02-19,"1.441,93"
14-02-19,"1.460,33"
15-02-19,"1.467,64"
16-02-19,"1.465,69"
17-02-19,"1.467,52"
18-02-19,"1.450,53"
19-02-19,"1.453,39"
20-02-19,"1.458,37"
21-02-19,"1.467,28"
22-02-19,"1.467,88"
23-02-19,"1.473,72"
24-02-19,"1.453,53"
25-02-19,"1.463,01"
26-02-19,"1.458,99"
27-02-19,"1.464,84"
28-02-19,"1.464,65"
01-03-19,"1.484,07"
02-03-19,"1.484,06"
03-03-19,"1.476,74"
04-03-19,"1.474,11"
05-03-19,"1.500,38"
06-03-19,"1.504,51"
07-03-19,"1.490,04"
08-03-19,"1.517,49"
09-03-19,"1.487,73"
10-03-19,"1.487,94"
11-03-19,"1.481,09"
12-03-19,"1.483,42"
13-03-19,"1.500,77"
14-03-19,"1.509,86"
15-03-19,"1.521,24"
16-03-19,"1.493,62"
17-03-19,"1.486,40"
18-03-19,"1.481,36"
19-03-19,"1.482,76"
20-03-19,"1.497,40"
21-03-19,"1.495,39"
22-03-19,"1.497,46"
23-03-19,"1.536,17"
24-03-19,"1.515,73"
25-03-19,"1.539,29"
26-03-19,"1.535,47"
27-03-19,"1.516,15"
28-03-19,"1.480,62"
29-03-19,"1.514,02"
30-03-19,"1.518,37"
31-03-19,"1.480,85"
01-04-19,"1.502,26"
02-04-19,"1.504,71"
03-04-19,"1.484,35"
04-04-19,"1.504,20"
05-04-19,"1.488,72"
06-04-19,"1.462,73"
07-04-19,"1.429,39"
08-04-19,"1.474,09"
09-04-19,"1.497,88"
10-04-19,"1.434,56"
11-04-19,"1.460,78"
12-04-19,"1.465,82"
13-04-19,"1.480,26"
14-04-19,"1.442,44"
15-04-19,"1.472,14"
16-04-19,"1.472,30"
17-04-19,"1.496,64"
18-04-19,"1.484,52"
19-04-19,"1.451,61"
20-04-19,"1.486,78"
21-04-19,"1.469,91"
22-04-19,"1.480,95"
23-04-19,"1.463,84"
24-04-19,"1.447,24"
25-04-19,"1.451,09"
26-04-19,"1.461,48"
27-04-19,"1.473,25"
28-04-19,"1.490,10"
29-04-19,"1.479,46"
30-04-19,"1.495,24"
01-05-19,"1.488,91"
02-05-19,"1.480,13"
03-05-19,"1.481,20"
04-05-19,"1.502,17"
05-05-19,"1.477,68"
06-05-19,"1.493,26"
07-05-19,"1.491,22"
08-05-19,"1.502,13"
09-05-19,"1.513,67"
10-05-19,"1.536,90"
11-05-19,"1.523,63"
12-05-19,"1.491,71"
13-05-19,"1.488,25"
14-05-19,"1.500,58"
15-05-19,"1.516,86"
16-05-19,"1.517,55"
17-05-19,"1.512,24"
18-05-19,"1.515,44"
19-05-19,"1.526,60"
20-05-19,"1.525,76"
21-05-19,"1.524,24"
22-05-19,"1.526,91"
23-05-19,"1.534,30"
24-05-19,"1.537,34"
25-05-19,"1.525,06"
26-05-19,"1.537,07"
27-05-19,"1.527,99"
28-05-19,"1.525,58"
29-05-19,"1.527,62"
30-05-19,"1.522,47"
31-05-19,"1.509,13"
01-06-19,"1.530,62"
02-06-19,"1.532,09"
03-06-19,"1.529,16"
04-06-19,"1.511,62"
05-06-19,"1.538,60"
06-06-19,"1.526,75"
07-06-19,"1.522,27"
08-06-19,"1.510,07"
09-06-19,"1.525,37"
10-06-19,"1.500,19"
11-06-19,"1.514,48"
12-06-19,"1.511,94"
13-06-19,"1.511,43"
14-06-19,"1.510,20"
15-06-19,"1.503,48"
16-06-19,"1.489,55"
17-06-19,"1.480,30"
18-06-19,"1.477,98"
19-06-19,"1.474,17"
20-06-19,"1.510,38"
21-06-19,"1.504,36"
22-06-19,"1.508,95"
23-06-19,"1.504,98"
24-06-19,"1.491,00"
25-06-19,"1.475,96"
26-06-19,"1.481,68"
27-06-19,"1.475,86"
28-06-19,"1.504,24"
29-06-19,"1.495,91"
30-06-19,"1.516,16"
01-07-19,"1.582,27"
02-07-19,"1.608,45"
03-07-19,"1.605,84"
04-07-19,"1.591,10"
05-07-19,"1.585,94"
06-07-19,"1.566,70"
07-07-19,"1.575,31"
08-07-19,"1.574,12"
09-07-19,"1.552,89"
10-07-19,"1.570,03"
11-07-19,"1.559,92"
12-07-19,"1.532,36"
13-07-19,"1.505,79"
14-07-19,"1.496,24"
15-07-19,"1.503,35"
16-07-19,"1.470,84"
17-07-19,"1.467,97"
18-07-19,"1.488,62"
19-07-19,"1.487,86"
20-07-19,"1.472,12"
21-07-19,"1.456,80"
22-07-19,"1.441,67"
23-07-19,"1.444,86"
24-07-19,"1.456,92"
25-07-19,"1.449,78"
26-07-19,"1.449,72"
27-07-19,"1.441,18"
28-07-19,"1.427,52"
29-07-19,"1.431,12"
30-07-19,"1.431,59"
31-07-19,"1.431,60"
01-08-19,"1.438,44"
02-08-19,"1.452,47"
03-08-19,"1.454,08"
04-08-19,"1.456,52"
05-08-19,"1.455,10"
06-08-19,"1.456,03"
07-08-19,"1.453,11"
08-08-19,"1.452,90"
09-08-19,"1.428,69"
10-08-19,"1.426,21"
11-08-19,"1.443,77"
12-08-19,"1.675,01"
13-08-19,"1.424,28"
14-08-19,"1.441,20"
15-08-19,"1.433,51"
16-08-19,"1.448,30"
17-08-19,"1.450,35"
18-08-19,"1.449,23"
19-08-19,"1.455,34"
20-08-19,"1.443,24"
21-08-19,"1.478,30"
22-08-19,"1.491,32"
23-08-19,"1.493,49"
24-08-19,"1.495,34"
25-08-19,"1.496,37"
26-08-19,"1.500,57"
27-08-19,"1.507,47"
28-08-19,"1.507,82"
29-08-19,"1.504,00"
30-08-19,"1.504,65"
31-08-19,"1.497,57"
01-09-19,"1.487,13"
02-09-19,"1.487,75"
03-09-19,"1.485,58"
04-09-19,"1.488,55"
05-09-19,"1.472,90"
06-09-19,"1.474,70"
07-09-19,"1.474,45"
08-09-19,"1.466,28"
09-09-19,"1.473,89"
10-09-19,"1.466,09"
11-09-19,"1.478,77"
12-09-19,"1.481,45"
13-09-19,"1.473,78"
14-09-19,"1.472,49"
15-09-19,"1.460,48"
16-09-19,"1.459,92"
17-09-19,"1.478,45"
18-09-19,"1.500,43"
19-09-19,"1.500,57"
20-09-19,"1.502,19"
21-09-19,"1.498,25"
22-09-19,"1.493,21"
23-09-19,"1.510,83"
24-09-19,"1.503,48"
25-09-19,"1.507,76"
26-09-19,"1.502,57"
27-09-19,"1.495,48"
28-09-19,"1.481,94"
29-09-19,"1.465,22"
30-09-19,"1.473,71"
01-10-19,"1.470,82"
02-10-19,"1.472,71"
03-10-19,"1.476,30"
04-10-19,"1.477,91"
05-10-19,"1.464,29"
06-10-19,"1.466,23"
07-10-19,"1.460,04"
08-10-19,"1.466,32"
09-10-19,"1.471,84"
10-10-19,"1.474,61"
11-10-19,"1.477,97"
12-10-19,"1.471,14"
13-10-19,"1.470,90"
14-10-19,"1.467,68"
15-10-19,"1.469,49"
16-10-19,"1.470,77"
17-10-19,"1.469,09"
18-10-19,"1.467,86"
19-10-19,"1.459,24"
20-10-19,"1.454,72"
21-10-19,"1.455,52"
22-10-19,"1.454,85"
23-10-19,"1.447,67"
24-10-19,"1.440,65"
25-10-19,"1.438,41"
26-10-19,"1.437,31"
27-10-19,"1.438,21"
28-10-19,"1.437,86"
29-10-19,"1.432,95"
30-10-19,"1.420,28"
31-10-19,"1.421,32"
01-11-19,"1.425,67"
02-11-19,"1.418,10"
03-11-19,"1.414,46"
04-11-19,"1.413,76"
05-11-19,"1.409,58"
06-11-19,"1.399,18"
07-11-19,"1.407,48"
08-11-19,"1.427,14"
09-11-19,"1.427,09"
10-11-19,"1.422,80"
11-11-19,"1.421,68"
12-11-19,"1.423,60"
13-11-19,"1.416,83"
14-11-19,"1.405,48"
15-11-19,"1.415,10"
16-11-19,"1.412,41"
17-11-19,"1.409,82"
18-11-19,"1.411,46"
19-11-19,"1.411,24"
20-11-19,"1.408,98"
21-11-19,"1.406,77"
22-11-19,"1.405,23"
23-11-19,"1.399,97"
24-11-19,"1.401,50"
25-11-19,"1.401,41"
26-11-19,"1.400,35"
27-11-19,"1.403,42"
28-11-19,"1.404,85"
29-11-19,"1.407,01"
30-11-19,"1.402,10"
01-12-19,"1.410,81"
02-12-19,"1.412,56"
03-12-19,"1.419,49"
04-12-19,"1.418,79"
05-12-19,"1.416,93"
06-12-19,"1.418,63"
07-12-19,"1.417,12"
08-12-19,"1.423,10"
09-12-19,"1.424,41"
10-12-19,"1.421,17"
11-12-19,"1.424,58"
12-12-19,"1.421,05"
13-12-19,"1.421,58"
14-12-19,"1.422,94"
15-12-19,"1.420,37"
16-12-19,"1.424,80"
17-12-19,"1.425,97"
18-12-19,"1.425,40"
19-12-19,"1.424,18"
20-12-19,"1.422,53"
21-12-19,"1.424,04"
22-12-19,"1.427,97"
23-12-19,"1.425,88"
24-12-19,"1.426,50"
25-12-19,"1.427,57"
26-12-19,"1.425,76"
27-12-19,"1.425,61"
28-12-19,"1.428,15"
29-12-19,"1.437,74"
30-12-19,"1.444,48"
31-12-19,"1.452,69"
01-01-20,"1.490,59"
02-01-20,"1.502,35"
03-01-20,"1.490,63"
04-01-20,"1.495,39"
05-01-20,"1.489,02"
06-01-20,"1.489,05"
07-01-20,"1.486,71"
08-01-20,"1.480,11"
09-01-20,"1.482,84"
10-01-20,"1.467,62"
11-01-20,"1.460,26"
12-01-20,"1.456,27"
13-01-20,"1.451,99"
14-01-20,"1.452,13"
15-01-20,"1.466,59"
16-01-20,"1.457,84"
17-01-20,"1.458,89"
18-01-20,"1.459,27"
19-01-20,"1.457,42"
20-01-20,"1.463,40"
21-01-20,"1.465,01"
22-01-20,"1.478,19"
23-01-20,"1.482,82"
24-01-20,"1.489,05"
25-01-20,"1.482,31"
26-01-20,"1.475,80"
27-01-20,"1.472,79"
28-01-20,"1.477,11"
29-01-20,"1.481,29"
30-01-20,"1.482,63"
31-01-20,"1.484,45"
01-02-20,"1.480,68"
02-02-20,"1.473,74"
03-02-20,"1.474,34"
04-02-20,"1.475,81"
05-02-20,"1.474,40"
06-02-20,"1.470,96"
07-02-20,"1.470,63"
08-02-20,"1.467,93"
09-02-20,"1.458,46"
10-02-20,"1.455,92"
11-02-20,"1.452,36"
12-02-20,"1.452,31"
13-02-20,"1.467,52"
14-02-20,"1.478,86"
15-02-20,"1.480,26"
16-02-20,"1.474,48"
17-02-20,"1.472,71"
18-02-20,"1.476,66"
19-02-20,"1.475,49"
20-02-20,"1.470,70"
21-02-20,"1.464,67"
22-02-20,"1.462,00"
23-02-20,"1.461,38"
24-02-20,"1.459,76"
25-02-20,"1.466,66"
26-02-20,"1.458,05"
27-02-20,"1.452,71"
28-02-20,"1.448,36"
29-02-20,"1.455,88"
01-03-20,"1.457,79"
02-03-20,"1.455,36"
03-03-20,"1.449,45"
04-03-20,"1.438,60"
05-03-20,"1.429,40"
06-03-20,"1.423,97"
07-03-20,"1.418,92"
08-03-20,"1.398,52"
09-03-20,"1.407,84"
10-03-20,"1.402,15"
11-03-20,"1.407,84"
12-03-20,"1.422,08"
13-03-20,"1.407,75"
14-03-20,"1.411,16"
15-03-20,"1.423,79"
16-03-20,"1.426,08"
17-03-20,"1.432,88"
18-03-20,"1.446,82"
19-03-20,"1.454,47"
20-03-20,"1.460,91"
21-03-20,"1.461,40"
22-03-20,"1.460,27"
23-03-20,"1.468,78"
24-03-20,"1.483,03"
25-03-20,"1.465,93"
26-03-20,"1.458,06"
27-03-20,"1.460,19"
28-03-20,"1.465,08"
29-03-20,"1.464,80"
30-03-20,"1.441,38"
31-03-20,"1.460,93"
01-04-20,"1.473,71"
02-04-20,"1.467,87"
03-04-20,"1.454,65"
04-04-20,"1.441,69"
05-04-20,"1.448,61"
06-04-20,"1.436,36"
07-04-20,"1.440,91"
08-04-20,"1.434,78"
09-04-20,"1.430,51"
10-04-20,"1.416,71"
11-04-20,"1.412,06"
12-04-20,"1.396,24"
13-04-20,"1.400,16"
14-04-20,"1.397,94"
15-04-20,"1.397,45"
16-04-20,"1.389,28"
17-04-20,"1.384,38"
18-04-20,"1.383,96"
19-04-20,"1.371,15"
20-04-20,"1.373,20"
21-04-20,"1.365,89"
22-04-20,"1.368,60"
23-04-20,"1.360,53"
24-04-20,"1.364,28"
25-04-20,"1.371,75"
26-04-20,"1.376,11"
27-04-20,"1.384,90"
28-04-20,"1.393,06"
29-04-20,"1.400,31"
30-04-20,"1.416,57"
01-05-20,"1.435,15"
02-05-20,"1.415,04"
03-05-20,"1.413,34"
04-05-20,"1.415,51"
05-05-20,"1.424,47"
06-05-20,"1.437,41"
07-05-20,"1.441,95"
08-05-20,"1.447,79"
09-05-20,"1.466,38"
10-05-20,"1.470,20"
11-05-20,"1.472,62"
12-05-20,"1.476,40"
13-05-20,"1.475,62"
14-05-20,"1.475,56"
15-05-20,"1.478,00"
16-05-20,"1.468,81"
17-05-20,"1.469,47"
18-05-20,"1.474,33"
19-05-20,"1.465,55"
20-05-20,"1.479,18"
21-05-20,"1.476,14"
22-05-20,"1.472,93"
23-05-20,"1.475,00"
24-05-20,"1.459,74"
25-05-20,"1.464,33"
26-05-20,"1.461,42"
27-05-20,"1.460,48"
28-05-20,"1.466,87"
29-05-20,"1.460,66"
30-05-20,"1.456,03"
31-05-20,"1.444,45"
01-06-20,"1.422,06"
02-06-20,"1.442,32"
03-06-20,"1.445,38"
04-06-20,"1.448,31"
05-06-20,"1.447,43"
06-06-20,"1.443,50"
07-06-20,"1.441,49"
08-06-20,"1.456,51"
09-06-20,"1.460,18"
10-06-20,"1.473,64"
11-06-20,"1.480,27"
12-06-20,"1.475,85"
13-06-20,"1.476,24"
14-06-20,"1.467,38"
15-06-20,"1.462,43"
16-06-20,"1.461,39"
17-06-20,"1.460,78"
18-06-20,"1.461,70"
19-06-20,"1.462,73"
20-06-20,"1.460,96"
21-06-20,"1.457,79"
22-06-20,"1.465,26"
23-06-20,"1.484,44"
24-06-20,"1.486,70"
25-06-20,"1.488,50"
26-06-20,"1.490,39"
27-06-20,"1.490,69"
28-06-20,"1.489,75"
29-06-20,"1.483,26"
30-06-20,"1.464,39"
01-07-20,"1.303,00"
02-07-20,"1.303,47"
03-07-20,"1.295,76"
04-07-20,"1.296,27"
05-07-20,"1.293,35"
06-07-20,"1.293,79"
07-07-20,"1.255,52"
08-07-20,"1.292,44"
09-07-20,"1.290,78"
10-07-20,"1.287,47"
11-07-20,"1.286,58"
12-07-20,"1.286,19"
13-07-20,"1.288,74"
14-07-20,"1.275,89"
15-07-20,"1.278,67"
16-07-20,"1.280,64"
17-07-20,"1.278,32"
18-07-20,"1.277,12"
19-07-20,"1.269,62"
20-07-20,"1.272,77"
21-07-20,"1.271,85"
22-07-20,"1.270,64"
23-07-20,"1.271,65"
24-07-20,"1.276,06"
25-07-20,"1.271,55"
26-07-20,"1.273,53"
27-07-20,"1.361,53"
28-07-20,"1.387,68"
29-07-20,"1.392,85"
30-07-20,"1.392,89"
31-07-20,"1.387,29"
01-08-20,"1.376,27"
02-08-20,"1.377,08"
03-08-20,"1.385,49"
04-08-20,"1.391,00"
05-08-20,"1.393,59"
06-08-20,"1.395,15"
07-08-20,"1.408,29"
08-08-20,"1.414,36"
09-08-20,"1.415,05"
10-08-20,"1.415,04"
11-08-20,"1.371,69"
12-08-20,"1.355,65"
13-08-20,"1.320,40"
14-08-20,"1.311,80"
15-08-20,"1.309,81"
16-08-20,"1.309,60"
17-08-20,"1.310,48"
18-08-20,"1.310,20"
19-08-20,"1.310,22"
20-08-20,"1.310,36"
21-08-20,"1.310,23"
22-08-20,"1.306,18"
23-08-20,"1.309,46"
24-08-20,"1.309,57"
25-08-20,"1.310,21"
26-08-20,"1.309,74"
27-08-20,"1.309,05"
28-08-20,"1.309,86"
29-08-20,"1.306,86"
30-08-20,"1.305,84"
31-08-20,"1.309,93"
01-09-20,"1.313,97"
02-09-20,"1.310,62"
03-09-20,"1.310,92"
04-09-20,"1.314,02"
05-09-20,"1.314,66"
06-09-20,"1.314,31"
07-09-20,"1.315,10"
08-09-20,"1.314,89"
09-09-20,"1.323,16"
10-09-20,"1.325,01"
11-09-20,"1.326,65"
12-09-20,"1.324,95"
13-09-20,"1.323,09"
14-09-20,"1.324,84"
15-09-20,"1.325,18"
16-09-20,"1.324,35"
17-09-20,"1.324,38"
18-09-20,"1.330,98"
19-09-20,"1.335,96"
20-09-20,"1.333,75"
21-09-20,"1.336,91"
22-09-20,"1.336,98"
23-09-20,"1.354,58"
24-09-20,"1.358,58"
25-09-20,"1.359,61"
26-09-20,"1.345,26"
27-09-20,"1.353,66"
28-09-20,"1.355,45"
29-09-20,"1.375,94"
30-09-20,"1.384,42"
01-10-20,"1.325,96"
02-10-20,"1.310,99"
03-10-20,"1.301,91"
04-10-20,"1.299,52"
05-10-20,"1.299,78"
06-10-20,"1.300,14"
07-10-20,"1.300,04"
08-10-20,"1.301,24"
09-10-20,"1.307,99"
10-10-20,"1.310,32"
11-10-20,"1.310,20"
12-10-20,"1.310,16"
13-10-20,"1.310,33"
14-10-20,"1.310,20"
15-10-20,"1.312,17"
16-10-20,"1.312,59"
17-10-20,"1.313,11"
18-10-20,"1.312,73"
19-10-20,"1.312,73"
20-10-20,"1.312,00"
21-10-20,"1.312,09"
22-10-20,"1.312,13"
23-10-20,"1.311,20"
24-10-20,"1.319,48"
25-10-20,"1.320,49"
26-10-20,"1.320,90"
27-10-20,"1.331,63"
28-10-20,"1.354,55"
29-10-20,"1.377,64"
30-10-20,"1.385,07"
31-10-20,"1.389,90"
01-11-20,"1.389,73"
02-11-20,"1.390,75"
03-11-20,"1.395,16"
04-11-20,"1.418,27"
05-11-20,"1.419,99"
06-11-20,"1.424,97"
07-11-20,"1.425,36"
08-11-20,"1.423,64"
09-11-20,"1.429,06"
10-11-20,"1.428,59"
11-11-20,"1.435,44"
12-11-20,"1.442,01"
13-11-20,"1.414,30"
14-11-20,"1.365,07"
15-11-20,"1.359,77"
16-11-20,"1.347,07"
17-11-20,"1.352,50"
18-11-20,"1.357,37"
19-11-20,"1.348,10"
20-11-20,"1.329,17"
21-11-20,"1.304,43"
22-11-20,"1.302,74"
23-11-20,"1.304,54"
24-11-20,"1.320,49"
25-11-20,"1.347,30"
26-11-20,"1.348,37"
27-11-20,"1.333,90"
28-11-20,"1.327,64"
29-11-20,"1.327,65"
30-11-20,"1.321,16"
01-12-20,"1.314,72"
02-12-20,"1.326,86"
03-12-20,"1.319,90"
04-12-20,"1.319,83"
05-12-20,"1.318,80"
06-12-20,"1.318,15"
07-12-20,"1.319,74"
08-12-20,"1.319,68"
09-12-20,"1.320,06"
10-12-20,"1.319,88"
11-12-20,"1.321,64"
12-12-20,"1.332,61"
13-12-20,"1.320,44"
14-12-20,"1.320,13"
15-12-20,"1.325,57"
16-12-20,"1.319,80"
17-12-20,"1.316,50"
18-12-20,"1.311,84"
19-12-20,"1.306,45"
20-12-20,"1.301,06"
21-12-20,"1.306,98"
22-12-20,"1.306,03"
23-12-20,"1.300,15"
24-12-20,"1.298,41"
25-12-20,"1.297,07"
26-12-20,"1.283,00"
27-12-20,"1.280,64"
28-12-20,"1.286,05"
29-12-20,"1.277,03"
30-12-20,"1.269,82"
31-12-20,"1.254,37"
01-01-21,"1.322,88"
02-01-21,"1.318,24"
03-01-21,"1.328,15"
04-01-21,"1.324,74"
05-01-21,"1.317,95"
06-01-21,"1.308,75"
07-01-21,"1.292,03"
08-01-21,"1.279,73"
09-01-21,"1.289,25"
10-01-21,"1.285,85"
11-01-21,"1.298,92"
12-01-21,"1.307,97"
13-01-21,"1.319,41"
14-01-21,"1.306,81"
15-01-21,"1.304,15"
16-01-21,"1.297,89"
17-01-21,"1.300,09"
18-01-21,"1.307,39"
19-01-21,"1.319,68"
20-01-21,"1.314,16"
21-01-21,"1.305,27"
22-01-21,"1.296,68"
23-01-21,"1.297,64"
24-01-21,"1.292,48"
25-01-21,"1.293,41"
26-01-21,"1.290,65"
27-01-21,"1.293,87"
28-01-21,"1.283,31"
29-01-21,"1.281,60"
30-01-21,"1.275,57"
31-01-21,"1.271,04"
01-02-21,"1.263,48"
02-02-21,"1.258,09"
03-02-21,"1.250,85"
04-02-21,"1.243,26"
05-02-21,"1.244,22"
06-02-21,"1.231,91"
07-02-21,"1.224,60"
08-02-21,"1.224,23"
09-02-21,"1.228,33"
10-02-21,"1.233,08"
11-02-21,"1.232,56"
12-02-21,"1.229,87"
13-02-21,"1.221,79"
14-02-21,"1.217,75"
15-02-21,"1.224,81"
16-02-21,"1.216,15"
17-02-21,"1.210,48"
18-02-21,"1.206,13"
19-02-21,"1.218,20"
20-02-21,"1.214,45"
21-02-21,"1.204,86"
22-02-21,"1.212,45"
23-02-21,"1.220,46"
24-02-21,"1.217,18"
25-02-21,"1.242,49"
26-02-21,"1.247,53"
27-02-21,"1.275,74"
28-02-21,"1.283,59"
01-03-21,"1.285,50"
02-03-21,"1.274,24"
03-03-21,"1.273,24"
04-03-21,"1.272,97"
05-03-21,"1.295,17"
06-03-21,"1.294,86"
07-03-21,"1.297,19"
08-03-21,"1.296,24"
09-03-21,"1.319,15"
10-03-21,"1.320,75"
11-03-21,"1.311,46"
12-03-21,"1.286,66"
13-03-21,"1.310,01"
14-03-21,"1.308,35"
15-03-21,"1.307,64"
16-03-21,"1.300,79"
17-03-21,"1.297,03"
18-03-21,"1.296,20"
19-03-21,"1.291,96"
20-03-21,"1.255,02"
21-03-21,"1.273,17"
22-03-21,"1.287,19"
23-03-21,"1.399,01"
24-03-21,"1.357,61"
25-03-21,"1.380,77"
26-03-21,"1.386,32"
27-03-21,"1.390,95"
28-03-21,"1.407,64"
29-03-21,"1.408,84"
30-03-21,"1.422,39"
31-03-21,"1.444,96"
01-04-21,"1.723,37"
02-04-21,"1.681,53"
03-04-21,"1.644,25"
04-04-21,"1.631,81"
05-04-21,"1.647,52"
06-04-21,"1.666,83"
07-04-21,"1.657,75"
08-04-21,"1.657,60"
09-04-21,"1.655,26"
10-04-21,"1.647,64"
11-04-21,"1.654,23"
12-04-21,"1.653,32"
13-04-21,"1.654,53"
14-04-21,"1.650,72"
15-04-21,"1.641,07"
16-04-21,"1.630,59"
17-04-21,"1.625,21"
18-04-21,"1.626,29"
19-04-21,"1.624,86"
20-04-21,"1.632,79"
21-04-21,"1.645,37"
22-04-21,"1.655,31"
23-04-21,"1.675,47"
24-04-21,"1.681,15"
25-04-21,"1.703,83"
26-04-21,"1.719,42"
27-04-21,"1.711,78"
28-04-21,"1.716,02"
29-04-21,"1.691,59"
30-04-21,"1.693,32"
01-05-21,"1.694,76"
02-05-21,"1.692,25"
03-05-21,"1.720,17"
04-05-21,"1.720,58"
05-05-21,"1.720,24"
06-05-21,"1.736,41"
07-05-21,"1.718,57"
08-05-21,"1.721,20"
09-05-21,"1.706,16"
10-05-21,"1.710,29"
11-05-21,"1.707,71"
12-05-21,"1.712,08"
13-05-21,"1.704,03"
14-05-21,"1.728,18"
15-05-21,"1.752,53"
16-05-21,"1.752,35"
17-05-21,"1.751,33"
18-05-21,"1.723,39"
19-05-21,"1.736,35"
20-05-21,"1.738,98"
21-05-21,"1.737,30"
22-05-21,"1.733,44"
23-05-21,"1.734,99"
24-05-21,"1.731,73"
25-05-21,"1.732,43"
26-05-21,"1.732,56"
27-05-21,"1.729,87"
28-05-21,"1.727,91"
29-05-21,"1.738,73"
30-05-21,"1.720,52"
31-05-21,"1.755,77"
01-06-21,"1.740,50"
02-06-21,"1.749,18"
03-06-21,"1.770,53"
04-06-21,"1.772,61"
05-06-21,"1.789,19"
06-06-21,"1.783,88"
07-06-21,"1.778,55"
08-06-21,"1.772,02"
09-06-21,"1.771,36"
10-06-21,"1.769,27"
11-06-21,"1.760,15"
12-06-21,"1.728,67"
13-06-21,"1.726,96"
14-06-21,"1.723,74"
15-06-21,"1.704,72"
16-06-21,"1.771,26"
17-06-21,"1.749,65"
18-06-21,"1.754,04"
19-06-21,"1.785,32"
20-06-21,"1.786,65"
21-06-21,"1.784,83"
22-06-21,"1.868,31"
23-06-21,"1.927,21"
24-06-21,"1.999,46"
25-06-21,"2.000,00"
26-06-21,"2.000,00"
27-06-21,"2.000,00"
28-06-21,"1.996,38"
29-06-21,"1.955,50"
30-06-21,"1.904,19"
01-07-21,"2.105,28"
02-07-21,"2.087,68"
03-07-21,"2.082,26"
04-07-21,"2.076,62"
05-07-21,"2.070,44"
06-07-21,"2.060,36"
07-07-21,"2.062,46"
08-07-21,"2.062,42"
09-07-21,"2.063,85"
10-07-21,"2.060,76"
11-07-21,"2.055,27"
12-07-21,"2.056,31"
13-07-21,"2.052,16"
14-07-21,"2.046,02"
15-07-21,"2.058,71"
16-07-21,"2.092,49"
17-07-21,"2.081,77"
18-07-21,"2.079,47"
19-07-21,"2.074,36"
20-07-21,"2.060,87"
21-07-21,"2.059,51"
22-07-21,"2.088,01"
23-07-21,"2.060,15"
24-07-21,"2.075,11"
25-07-21,"2.068,72"
26-07-21,"2.071,16"
27-07-21,"2.075,68"
28-07-21,"2.083,14"
29-07-21,"2.097,31"
30-07-21,"2.071,84"
31-07-21,"2.102,86"
01-08-21,"2.154,88"
02-08-21,"2.151,11"
03-08-21,"2.189,47"
04-08-21,"2.195,93"
05-08-21,"2.173,22"
06-08-21,"2.175,55"
07-08-21,"2.235,69"
08-08-21,"2.191,35"
09-08-21,"2.186,50"
10-08-21,"2.184,25"
11-08-21,"2.222,55"
12-08-21,"2.222,10"
13-08-21,"2.227,91"
14-08-21,"2.216,04"
15-08-21,"2.249,21"
16-08-21,"2.209,78"
17-08-21,"2.191,68"
18-08-21,"2.180,01"
19-08-21,"2.177,03"
20-08-21,"2.179,60"
21-08-21,"2.168,09"
22-08-21,"2.185,01"
23-08-21,"2.181,92"
24-08-21,"2.179,11"
25-08-21,"2.173,49"
26-08-21,"2.165,12"
27-08-21,"2.160,90"
28-08-21,"2.169,01"
29-08-21,"2.166,97"
30-08-21,"2.171,87"
31-08-21,"2.170,74"
01-09-21,"2.185,28"
02-09-21,"2.184,80"
03-09-21,"2.170,54"
04-09-21,"2.210,93"
05-09-21,"2.198,23"
06-09-21,"2.177,13"
07-09-21,"2.167,25"
08-09-21,"2.155,73"
09-09-21,"2.174,74"
10-09-21,"2.176,99"
11-09-21,"2.187,04"
12-09-21,"2.185,65"
13-09-21,"2.202,12"
14-09-21,"2.275,26"
15-09-21,"2.320,03"
16-09-21,"2.352,45"
17-09-21,"2.389,78"
18-09-21,"2.409,63"
19-09-21,"2.427,77"
20-09-21,"2.430,89"
21-09-21,"2.449,96"
22-09-21,"2.443,24"
23-09-21,"2.309,46"
24-09-21,"2.432,39"
25-09-21,"2.465,98"
26-09-21,"2.482,76"
27-09-21,"2.511,53"
28-09-21,"2.552,60"
29-09-21,"2.820,20"
30-09-21,"2.927,10"
01-10-21,"2.974,35"
02-10-21,"2.545,85"
03-10-21,"2.795,31"
04-10-21,"2.526,31"
05-10-21,"2.517,33"
06-10-21,"2.482,96"
07-10-21,"3.359,59"
08-10-21,"2.996,73"
09-10-21,"2.816,13"
10-10-21,"3.231,28"
11-10-21,"3.123,36"
12-10-21,"2.962,49"
13-10-21,"3.103,95"
14-10-21,"2.982,76"
15-10-21,"3.341,08"
16-10-21,"3.223,89"
17-10-21,"3.183,25"
18-10-21,"3.361,34"
19-10-21,"3.418,57"
20-10-21,"3.422,58"
21-10-21,"3.424,00"
22-10-21,"3.424,00"
23-10-21,"3.424,00"
24-10-21,"3.424,00"
25-10-21,"3.424,00"
26-10-21,"3.424,00"
27-10-21,"3.424,00"
28-10-21,"3.424,00"
29-10-21,"3.424,00"
30-10-21,"3.424,00"
31-10-21,"3.424,00"
01-11-21,"4.556,14"
02-11-21,"4.560,24"
03-11-21,"4.624,72"
04-11-21,"4.583,16"
05-11-21,"4.573,09"
06-11-21,"4.587,63"
07-11-21,"4.588,71"
08-11-21,"4.607,45"
09-11-21,"4.605,91"
10-11-21,"4.600,53"
11-11-21,"4.605,36"
12-11-21,"4.606,04"
13-11-21,"4.604,01"
14-11-21,"4.608,57"
15-11-21,"4.615,03"
